[
  {
    "id": "e0fbc041-d72c-4189-a4a6-811d8bbeae96",
    "data": [
      {
        "text": "voip",
        "userDefined": false
      }
    ],
    "isTemplate": false,
    "count": 1,
    "updated": 0
  },
  {
    "id": "518ba542-a9ec-448d-a9a3-4adf4a87cf43",
    "data": [
      {
        "text": "PSTN",
        "alias": "typeServicesERT",
        "meta": "@typeServicesERT",
        "userDefined": false
      }
    ],
    "isTemplate": false,
    "count": 1
  },
  {
    "id": "11a8bcfe-69e8-44b2-909f-4eb552d7865f",
    "data": [
      {
        "text": "sip",
        "alias": "typeServicesERT",
        "meta": "@typeServicesERT",
        "userDefined": true
      }
    ],
    "isTemplate": false,
    "count": 0
  },
  {
    "id": "6ef1a47e-5cb5-4892-a5bd-87367ec8e095",
    "data": [
      {
        "text": "Analoga",
        "alias": "typeServicesERT",
        "meta": "@typeServicesERT",
        "userDefined": true
      }
    ],
    "isTemplate": false,
    "count": 0
  },
  {
    "id": "81a02d77-874c-4a51-a166-7f5b07317770",
    "data": [
      {
        "text": "SIP-T",
        "alias": "typeServicesERT",
        "meta": "@typeServicesERT",
        "userDefined": true
      }
    ],
    "isTemplate": false,
    "count": 0
  },
  {
    "id": "dced29f2-480a-4d1a-a8bb-cb124861a815",
    "data": [
      {
        "text": "Trunk ",
        "userDefined": false
      },
      {
        "text": "SIP",
        "alias": "typeServicesERT",
        "meta": "@typeServicesERT",
        "userDefined": false
      }
    ],
    "isTemplate": false,
    "count": 0
  },
  {
    "id": "d7e0acdc-12fb-4d5d-8e70-0f70b27722e9",
    "data": [
      {
        "text": "TrunkIP",
        "alias": "typeServicesERT",
        "meta": "@typeServicesERT",
        "userDefined": true
      }
    ],
    "isTemplate": false,
    "count": 1
  }
]