[
  {
    "id": "c1d3f6c8-b519-4f65-849b-c3e28cb9d458",
    "data": [
      {
        "text": "buenas noches",
        "userDefined": false
      }
    ],
    "isTemplate": false,
    "count": 0
  },
  {
    "id": "e558a2e3-0adc-48e2-b963-b3cb925367ca",
    "data": [
      {
        "text": "buenas tardes",
        "userDefined": false
      }
    ],
    "isTemplate": false,
    "count": 0
  },
  {
    "id": "f48b3834-046f-4e67-bfab-82b044f17112",
    "data": [
      {
        "text": "Buenos días",
        "userDefined": false
      }
    ],
    "isTemplate": false,
    "count": 0
  },
  {
    "id": "f46774e2-2099-4587-b89a-d212e25afc7e",
    "data": [
      {
        "text": "oli",
        "userDefined": false
      }
    ],
    "isTemplate": false,
    "count": 0
  },
  {
    "id": "eaeef9e8-75a1-416e-a94f-e6493e0c1536",
    "data": [
      {
        "text": "como estas",
        "userDefined": false
      }
    ],
    "isTemplate": false,
    "count": 0
  },
  {
    "id": "9af76e61-026f-4543-87a3-329dfd153b19",
    "data": [
      {
        "text": "hola",
        "userDefined": false
      }
    ],
    "isTemplate": false,
    "count": 0,
    "updated": 0
  },
  {
    "id": "db19e5c1-94d6-4b84-8f9f-42ef78a95b15",
    "data": [
      {
        "text": "hey",
        "userDefined": false
      }
    ],
    "isTemplate": false,
    "count": 0,
    "updated": 0
  }
]