[
  {
    "id": "1d21c06e-dff5-4cc6-a989-daa51fb8ba04",
    "data": [
      {
        "text": "planes",
        "alias": "typeServicesERT",
        "meta": "@typeServicesERT",
        "userDefined": true
      }
    ],
    "isTemplate": false,
    "count": 0
  },
  {
    "id": "e318deb3-15d0-49cb-ad4e-7578265cc60c",
    "data": [
      {
        "text": "información",
        "alias": "typeServicesERT",
        "meta": "@typeServicesERT",
        "userDefined": true
      }
    ],
    "isTemplate": false,
    "count": 0
  }
]