[
  {
    "id": "f46774e2-2099-4587-b89a-d212e25afc7e",
    "data": [
      {
        "text": "oli",
        "userDefined": false
      }
    ],
    "isTemplate": false,
    "count": 0
  },
  {
    "id": "eaeef9e8-75a1-416e-a94f-e6493e0c1536",
    "data": [
      {
        "text": "como estas",
        "userDefined": false
      }
    ],
    "isTemplate": false,
    "count": 0
  },
  {
    "id": "9af76e61-026f-4543-87a3-329dfd153b19",
    "data": [
      {
        "text": "hola",
        "userDefined": false
      }
    ],
    "isTemplate": false,
    "count": 0,
    "updated": 0
  },
  {
    "id": "db19e5c1-94d6-4b84-8f9f-42ef78a95b15",
    "data": [
      {
        "text": "hey",
        "userDefined": false
      }
    ],
    "isTemplate": false,
    "count": 0,
    "updated": 0
  }
]